{
    "n_components": 2,
    "transmat_": [
        [
            0.5058015780415561,
            0.4941984219584439
        ],
        [
            0.4591674451459037,
            0.5408325548540963
        ]
    ],
    "emissionprob_": [
        [
            0.25393918712337593,
            0.26273460990203135,
            0.24051412236625702,
            0.2428120806083357
        ],
        [
            0.2519661609393669,
            0.23681884100920542,
            0.25009897510562673,
            0.26111602294580094
        ]
    ],
    "startprob_": [
        0.44813593321305234,
        0.5518640667869475
    ]
}